code,name,scope_group,industry,ent_type,event_count,latest_ann_date,locator_terms
300828,锐新科技,商品,机械设备,地方国企,5,2026-03-31,"[""期货"", ""铜"", ""铝""]"
002385,大北农,商品,农林牧渔,民企,4,2026-04-24,"[""场外衍生品"", ""大豆"", ""小麦"", ""期权"", ""期货"", ""油脂"", ""玉米"", ""生猪"", ""菜粕"", ""豆油"", ""豆粕""]"
300834,星辉环材,商品,基础化工,外资,4,2026-02-14,"[""期货"", ""苯乙烯""]"
600183,生益科技,商品,电子,其他,4,2026-03-12,"[""期货"", ""金"", ""钌"", ""钯"", ""铂"", ""铑"", ""铜"", ""铱"", ""银"", ""锌"", ""镍""]"
002759,天际股份,商品,电力设备,外资,3,2025-12-13,"[""期货"", ""碳酸锂""]"
600259,中稀有色,商品,有色金属,央企,2,2026-03-20,"[""期权"", ""期货"", ""铜"", ""铝"", ""锌"", ""锡""]"
600388,龙净环保,商品,环保,地方国企,2,2026-03-21,"[""期权"", ""期货"", ""碳酸锂"", ""阴极铜""]"
000819,岳阳兴长,商品,石油石化,央企,2,2026-04-21,"[""丙烯"", ""期权"", ""期货"", ""甲醇"", ""聚丙烯"", ""钯"", ""铂""]"
600987,航民股份,商品,纺织服饰,集体,1,2026-04-10,"[""其他"", ""期权"", ""期货"", ""黄金""]"
000723,美锦能源,商品,煤炭,民企,5,2026-04-25,"[""冶金焦炭"", ""期货"", ""焦炭""]"
002457,青龙管业,商品,建筑材料,民企,5,2026-04-18,"[""PE树脂"", ""PVC树脂"", ""期权"", ""期货"", ""钢材""]"
000025,特  力Ａ,商品,综合,地方国企,4,2026-07-15,"[""其他"", ""期权"", ""期货"", ""白银"", ""铂金"", ""黄金""]"
000898,鞍钢股份,商品,钢铁,央企,4,2026-02-04,"[""动力煤"", ""原料"", ""合金"", ""有色"", ""有色金属"", ""期权"", ""期货"", ""热轧卷板"", ""焦炭"", ""焦煤"", ""螺纹钢"", ""钢材"", ""铁合金"", ""铁矿石""]"
600132,重庆啤酒,商品,食品饮料,外资,4,2025-11-13,"[""场外衍生品"", ""期权"", ""期货"", ""铝"", ""铝材""]"
002095,生 意 宝,商品,传媒,民企,4,2026-04-29,"[""LPG"", ""MEG"", ""PP"", ""PTA"", ""PVC"", ""meg"", ""pp"", ""pvc"", ""动力煤"", ""塑料"", ""尿素"", ""期货"", ""棉纱"", ""棉花"", ""棕榈油"", ""橡胶"", ""沥青"", ""淀粉"", ""热卷"", ""焦炭"", ""焦煤"", ""燃料油"", ""玉米"", ""玻璃"", ""生猪"", ""甲醇"", ""白糖"", ""短纤"", ""硅铁"", ""红枣"", ""纯碱"", ""纸浆"", ""苯乙烯"", ""苹果"", ""菜油"", ""菜粕"", ""螺纹"", ""豆油"", ""豆粕"", ""铁矿"", ""铜"", ""铝"", ""锌"", ""锡"", ""锰硅"", ""镍""]"
603596,伯特利,商品,汽车,外资,4,2026-03-28,"[""期货"", ""铝""]"
000927,中国铁物,商品,交通运输,央企,3,2025-12-12,"[""原油"", ""期货""]"
002479,富春环保,商品,公用事业,地方国企,2,2025-08-22,"[""期货"", ""金"", ""钯"", ""铂"", ""铅"", ""铜"", ""银"", ""锡"", ""镍""]"
002491,通鼎互联,商品,通信,民企,4,2026-04-28,"[""期货"", ""铜""]"
600502,安徽建工,商品,建筑装饰,地方国企,2,2026-06-13,"[""期货"", ""钢材""]"
603551,奥普科技,商品,家用电器,外资,2,2025-08-26,"[""期货"", ""聚丙烯PP"", ""聚氯乙烯PVC"", ""钢"", ""铁"", ""铜"", ""铝""]"
300447,全信股份,商品,国防军工,民企,2,2026-04-25,"[""塑料"", ""期权"", ""期货"", ""铜"", ""银"", ""锡"", ""镍""]"
000504,*ST生物,商品,医药生物,地方国企,1,2026-01-05,"[""期权"", ""期货"", ""碳酸锂""]"
600308,华泰股份,商品,轻工制造,民企,2,2026-04-18,"[""其他"", ""双胶纸"", ""场外衍生品"", ""期权"", ""期货"", ""纸浆"", ""胶版印刷纸""]"
000573,粤宏远Ａ,商品,房地产,民企,1,2023-03-22,"[""期货"", ""金"", ""铅"", ""铜"", ""银"", ""锡""]"
300518,新迅达,商品,商贸零售,民企,1,2023-11-08,"[""其他"", ""农产品"", ""利率互换"", ""场外衍生品"", ""建筑材料"", ""有色金属"", ""期权"", ""期货"", ""能源"", ""货币互换"", ""黑色系""]"
300559,佳发教育,商品,计算机,民企,1,2025-12-10,"[""其他"", ""利率"", ""商品"", ""场外衍生品"", ""期货""]"
002999,天禾股份,商品,基础化工,集体,3,2026-04-28,"[""尿素"", ""期货"", ""甲醇""]"
300346,南大光电,商品,电子,其他,3,2025-10-29,"[""期货"", ""镍""]"
600777,*ST新潮,商品,石油石化,其他,2,2026-04-24,"[""原油"", ""场外衍生品"", ""天然气"", ""期权"", ""期货""]"
002530,金财互联,商品,机械设备,其他,1,2026-03-24,"[""期货"", ""镍""]"
000758,中色股份,商品,有色金属,央企,4,2026-04-02,"[""期货"", ""锌""]"
000930,中粮科技,商品,农林牧渔,央企,4,2026-04-24,"[""动力煤"", ""原油"", ""布伦特原油"", ""期货"", ""淀粉"", ""玉米"", ""白砂糖"", ""白糖"", ""豆油"", ""豆粕""]"
688116,天奈科技,商品,电力设备,外资,1,2026-07-09,"[""丙烯"", ""期货""]"
000523,红棉股份,商品,食品饮料,地方国企,4,2026-03-31,"[""期权"", ""期货"", ""白糖""]"
600231,凌钢股份,商品,钢铁,央企,4,2025-12-13,"[""中带宽钢"", ""优特圆钢"", ""原料"", ""期权"", ""期货"", ""热卷"", ""热轧卷板"", ""焦炭"", ""焦煤"", ""硅铁"", ""螺纹钢"", ""钢坯"", ""钢材"", ""铁矿石"", ""锰硅""]"
002721,ST金一,商品,纺织服饰,地方国企,3,2025-04-29,"[""其他"", ""期货"", ""白银"", ""黄金""]"
600787,中储股份,商品,交通运输,央企,2,2025-12-27,"[""期货"", ""硅铁"", ""铅"", ""铜"", ""铝"", ""锌"", ""锡"", ""锰硅"", ""镍""]"
600526,菲达环保,商品,环保,地方国企,2,2024-04-16,"[""期货"", ""热轧卷板""]"
002128,电投能源,商品,煤炭,央企,1,2026-04-15,"[""期货"", ""氧化铝"", ""电解铝""]"
002254,泰和新材,外汇,基础化工,地方国企,4,2026-04-14,"[""场外衍生品"", ""外汇掉期"", ""外汇远期"", ""期权"", ""期货"", ""欧元"", ""美元"", ""远期结售汇""]"
000404,长虹华意,外汇,家用电器,地方国企,4,2026-04-18,"[""场外衍生品"", ""外汇掉期"", ""外汇远期"", ""期权"", ""欧元"", ""港币"", ""美元"", ""远期结售汇""]"
000970,中科三环,外汇,有色金属,央企,4,2026-03-28,"[""场外衍生品"", ""外汇期权"", ""期权"", ""美元"", ""远期结售汇""]"
300852,四会富仕,外汇,电子,民企,4,2026-03-31,"[""其他"", ""外汇掉期"", ""外汇期权"", ""外汇远期"", ""期权"", ""美元""]"
300856,科思股份,外汇,美容护理,民企,4,2026-04-23,"[""远期结售汇""]"
002649,博彦科技,外汇,计算机,其他,3,2025-12-20,"[""利率互换"", ""外汇掉期"", ""日元"", ""期权"", ""美元"", ""远期结售汇""]"
300268,*ST佳沃,外汇,农林牧渔,其他,2,2026-03-16,"[""其他"", ""利率互换"", ""外汇掉期"", ""外汇期权"", ""期权"", ""美元"", ""远期结售汇""]"
002252,上海莱士,外汇,医药生物,集体,2,2026-03-27,"[""其他"", ""外汇掉期"", ""外汇远期"", ""期权"", ""美元"", ""远期结售汇""]"
300415,伊之密,外汇,机械设备,外资,2,2026-04-17,"[""其他"", ""利率互换"", ""利率掉期"", ""场外衍生品"", ""外汇掉期"", ""外汇期权"", ""外汇远期"", ""期权"", ""美元"", ""货币互换"", ""远期结售汇""]"
300153,科泰电源,外汇,电力设备,外资,2,2026-04-24,"[""其他"", ""利率互换"", ""场外衍生品"", ""外汇掉期"", ""外汇期权"", ""期权"", ""美元"", ""货币互换"", ""远期结售汇""]"
000031,大悦城,外汇,房地产,央企,4,2026-04-25,"[""利率互换"", ""利率掉期"", ""场外衍生品"", ""外汇远期"", ""期权"", ""港币"", ""美元"", ""货币互换"", ""货币掉期""]"
300913,兆龙互连,外汇,通信,民企,5,2026-04-28,"[""其他"", ""场外衍生品"", ""外汇掉期"", ""外汇期权"", ""期权"", ""欧元"", ""美元"", ""远期结售汇""]"
000065,北方国际,外汇,建筑装饰,央企,4,2026-03-31,"[""其他"", ""利率互换"", ""外汇掉期"", ""外汇远期"", ""期权"", ""美元"", ""货币互换""]"
000415,渤海租赁,外汇,非银金融,其他,4,2026-05-21,"[""其他"", ""利率"", ""利率互换"", ""场外衍生品"", ""外汇掉期"", ""外汇远期"", ""期权"", ""欧元"", ""汇率"", ""美元"", ""货币"", ""远期结售汇""]"
000507,珠海港,外汇,交通运输,地方国企,4,2025-12-11,"[""利率互换"", ""场外衍生品"", ""外汇掉期"", ""外汇远期"", ""期权"", ""货币互换""]"
001316,润贝航科,外汇,石油石化,外资,4,2026-03-19,"[""人民币"", ""其他"", ""利率"", ""利率互换"", ""场外衍生品"", ""外汇掉期"", ""外汇期权"", ""有价证券"", ""期权"", ""汇率"", ""美元"", ""货币"", ""货币互换"", ""远期结售汇""]"
301335,天元宠物,外汇,轻工制造,民企,5,2026-04-18,"[""其他"", ""场外衍生品"", ""外汇期权"", ""期权"", ""美元"", ""远期结售汇""]"
000151,中成股份,外汇,商贸零售,央企,4,2026-01-13,"[""欧元"", ""美元"", ""远期结售汇""]"
000524,岭南控股,外汇,社会服务,地方国企,4,2026-03-28,"[""新西兰元"", ""日元"", ""欧元"", ""港币"", ""澳大利亚元"", ""美元"", ""远期结售汇""]"
300043,星辉娱乐,外汇,传媒,外资,4,2026-04-24,"[""外汇掉期"", ""外汇期货"", ""期权"", ""期货"", ""美元"", ""远期结售汇""]"
000012,南  玻Ａ,外汇,建筑材料,其他,1,2026-06-27,"[""其他"", ""外汇掉期"", ""外汇远期"", ""期权"", ""欧元"", ""港币"", ""美元"", ""货币互换"", ""远期""]"
600933,爱柯迪,外汇,汽车,民企,5,2026-04-30,"[""其他"", ""利率互换"", ""墨西哥比索"", ""外汇掉期"", ""外汇期权"", ""日元"", ""期权"", ""林吉特"", ""欧元"", ""美元"", ""货币互换"", ""远期结售汇""]"
003816,中国广核,外汇,公用事业,央企,4,2026-01-22,"[""人民币"", ""场外衍生品"", ""外汇远期"", ""欧元"", ""美元"", ""远期结售汇""]"
600073,光明肉业,外汇,食品饮料,地方国企,4,2025-11-18,"[""外汇掉期"", ""外汇远期"", ""新西兰元"", ""期权"", ""远期结售汇""]"
603055,台华新材,外汇,纺织服饰,外资,4,2026-04-11,"[""其他"", ""利率互换"", ""场外衍生品"", ""外汇掉期"", ""外汇远期"", ""日元"", ""期权"", ""期货"", ""美元"", ""货币互换"", ""远期结售汇""]"
002318,久立特材,外汇,钢铁,民企,4,2026-03-25,"[""外汇掉期"", ""外汇期权"", ""期权"", ""欧元"", ""美元"", ""远期结售汇""]"
600458,时代新材,外汇,综合,央企,4,2026-03-28,"[""外汇掉期"", ""外汇期权"", ""外汇远期"", ""期权"", ""欧元"", ""美元""]"
688629,华丰科技,外汇,国防军工,地方国企,3,2026-01-31,"[""外汇远期"", ""欧元"", ""美元"", ""远期结售汇""]"
688718,唯赛勃,外汇,环保,外资,3,2025-04-29,"[""其他"", ""利率互换"", ""场外衍生品"", ""外汇掉期"", ""外汇期权"", ""期权"", ""期货"", ""欧元"", ""美元"", ""货币互换"", ""远期结售汇""]"
688139,海尔生物,外汇,医药生物,集体,5,2026-03-28,"[""其他"", ""利率互换"", ""场外衍生品"", ""外汇掉期"", ""外汇期权"", ""外汇远期"", ""期权"", ""美元"", ""货币互换"", ""远期结售汇""]"
002056,横店东磁,外汇,电力设备,集体,4,2026-03-28,"[""其他"", ""场外衍生品"", ""外汇掉期"", ""外汇远期"", ""外汇远期结售汇"", ""日元"", ""期权"", ""期货"", ""欧元"", ""美元"", ""货币互换"", ""远期结售汇""]"
003042,中农联合,外汇,基础化工,集体,4,2026-04-29,"[""外汇远期"", ""美元"", ""远期结售汇""]"
000063,中兴通讯,外汇,通信,其他,4,2026-05-26,"[""其他"", ""利率互换"", ""场外衍生品"", ""外汇远期"", ""期权"", ""货币互换""]"
603303,得邦照明,外汇,电子,集体,4,2025-12-17,"[""外汇掉期"", ""外汇远期"", ""期权"", ""美元"", ""远期结售汇""]"
000938,紫光股份,外汇,计算机,其他,4,2025-12-04,"[""其他"", ""外汇掉期"", ""外汇期权"", ""外汇远期"", ""期权"", ""美元"", ""远期结售汇""]"
002527,新时达,外汇,机械设备,集体,1,2026-07-11,"[""其他"", ""外汇掉期"", ""外汇远期"", ""期权"", ""货币互换""]"
603727,博迈科,外汇,石油石化,民企,5,2026-03-21,"[""其他"", ""外汇掉期"", ""外汇期权"", ""外汇远期"", ""美元"", ""远期结售汇""]"
000521,长虹美菱,外汇,家用电器,地方国企,4,2026-04-03,"[""其他"", ""场外衍生品"", ""外汇掉期"", ""外汇远期"", ""期权"", ""欧元"", ""澳元"", ""美元""]"
000625,长安汽车,外汇,汽车,央企,4,2026-03-03,"[""卢布"", ""墨西哥比索"", ""日元"", ""欧元"", ""泰铢"", ""美元"", ""英镑"", ""远期结售汇""]"
300748,金力永磁,外汇,有色金属,外资,4,2026-03-26,"[""利率互换"", ""外汇掉期"", ""外汇期货"", ""外汇远期"", ""期权"", ""期货"", ""美元"", ""货币互换"", ""远期结售汇""]"
688223,晶科能源,商品+外汇,电力设备,民企,9,2026-04-30,"[""其他"", ""利率互换"", ""场外衍生品"", ""外汇掉期"", ""外汇期权"", ""多晶硅"", ""工业硅"", ""日元"", ""期权"", ""期货"", ""欧元"", ""澳元"", ""白银"", ""美元"", ""远期结售汇"", ""铜"", ""铝"", ""锡""]"
000651,格力电器,商品+外汇,家用电器,其他,8,2026-04-29,"[""其他"", ""场外衍生品"", ""外汇掉期"", ""外汇期权"", ""外汇远期"", ""期权"", ""期货"", ""美元"", ""货币互换"", ""铜"", ""铝""]"
002386,天原股份,商品+外汇,基础化工,地方国企,7,2026-03-27,"[""其他"", ""利率互换"", ""外汇掉期"", ""外汇期权"", ""期权"", ""期货"", ""欧元"", ""美元"", ""货币互换"", ""货币掉期"", ""远期结售汇""]"
002213,大为股份,商品+外汇,电子,民企,7,2026-03-18,"[""其他"", ""利率互换"", ""利率掉期"", ""利率期权"", ""场外衍生品"", ""外汇掉期"", ""外汇期权"", ""外汇远期"", ""期权"", ""期货"", ""氢氧化锂"", ""碳酸锂"", ""美元"", ""货币互换"", ""远期"", ""远期结售汇"", ""铜"", ""锂"", ""锂盐""]"
300335,迪森股份,商品+外汇,公用事业,外资,5,2026-04-17,"[""其他"", ""利率互换"", ""外汇掉期"", ""外汇期权"", ""期权"", ""期货"", ""欧元"", ""美元"", ""货币互换"", ""远期结售汇"", ""钢材"", ""铜""]"
600226,亨通股份,商品+外汇,公用事业,民企,5,2026-07-14,"[""期权"", ""期货"", ""远期结售汇"", ""铜""]"
002556,辉隆股份,商品+外汇,农林牧渔,集体,5,2026-04-17,"[""其他"", ""利率互换"", ""外汇掉期"", ""外汇期权"", ""尿素"", ""期权"", ""期货"", ""欧元"", ""港币"", ""硫酸铵"", ""美元"", ""远期结售汇"", ""铝锭""]"
000070,特发信息,商品+外汇,通信,地方国企,5,2026-07-22,"[""外汇掉期"", ""外汇远期"", ""期权"", ""期货"", ""美元"", ""远期结售汇"", ""铝""]"
600961,株冶集团,商品+外汇,有色金属,央企,4,2025-12-09,"[""其他"", ""场外衍生品"", ""外汇"", ""外汇远期"", ""期货"", ""汇率"", ""白银"", ""美元"", ""铅"", ""铜"", ""铝"", ""锌"", ""黄金""]"
000039,中集集团,商品+外汇,机械设备,其他,4,2026-03-27,"[""利率互换"", ""外汇掉期"", ""外汇远期"", ""期权"", ""期货"", ""欧元"", ""热轧卷板"", ""美元"", ""货币互换"", ""钢材""]"
000895,双汇发展,商品+外汇,食品饮料,外资,4,2025-11-27,"[""其他"", ""利率互换"", ""场外衍生品"", ""外汇掉期"", ""外汇期权"", ""外汇远期"", ""大豆"", ""大豆油"", ""期权"", ""期货"", ""棕榈油"", ""欧元"", ""淀粉"", ""玉米"", ""生猪"", ""白糖"", ""纸浆"", ""美元"", ""豆油"", ""豆粕"", ""货币互换"", ""远期结售汇"", ""铝锭"", ""鸡肉""]"
600282,南钢股份,商品+外汇,钢铁,央企,6,2026-03-17,"[""不锈钢"", ""其他"", ""合金"", ""场外衍生品"", ""外汇掉期"", ""外汇远期"", ""期权"", ""期货"", ""焦炭"", ""焦煤"", ""美元"", ""钢材"", ""铁合金"", ""铁矿石"", ""镍""]"
002014,永新股份,商品+外汇,轻工制造,集体,3,2026-04-24,"[""其他"", ""场外衍生品"", ""外汇互换"", ""外汇掉期"", ""外汇期权"", ""外汇期货"", ""期权"", ""期货"", ""欧元"", ""美元"", ""聚丙烯"", ""聚丙烯(PP)"", ""聚丙烯（PP）"", ""聚乙烯"", ""聚乙烯(PE)"", ""聚乙烯（PE）"", ""货币互换"", ""货币掉期"", ""远期结售汇""]"
002950,奥美医疗,商品+外汇,医药生物,外资,8,2026-04-28,"[""利率互换"", ""场外衍生品"", ""外汇期权"", ""外汇远期"", ""期权"", ""期货"", ""棉纱"", ""棉花"", ""短纤"", ""美元"", ""聚丙烯"", ""聚乙烯"", ""聚苯乙烯"", ""货币互换"", ""越南盾"", ""远期结售汇""]"
600057,厦门象屿,商品+外汇,交通运输,地方国企,8,2026-02-07,"[""其他"", ""农副产品"", ""场外衍生品"", ""外汇掉期"", ""外汇远期结售汇"", ""掉期"", ""新能源"", ""期权"", ""期货"", ""欧元"", ""港币"", ""美元"", ""能源化工"", ""远期"", ""远期结售汇"", ""金属矿产""]"
601061,中信金属,商品+外汇,商贸零售,央企,6,2026-02-12,"[""其他"", ""化工"", ""场外衍生品"", ""外汇掉期"", ""外汇远期"", ""有色金属"", ""期权"", ""期货"", ""热轧卷板"", ""电解铜"", ""电解铝"", ""美元"", ""运费"", ""金"", ""钢材"", ""铁合金"", ""铁矿石"", ""铜"", ""铝"", ""银"", ""锌"", ""镍""]"
002920,德赛西威,商品+外汇,汽车,其他,4,2026-03-06,"[""人民币"", ""其他"", ""利率互换"", ""场外衍生品"", ""外汇掉期"", ""外汇期权"", ""外汇远期"", ""期权"", ""期货"", ""美元"", ""货币互换"", ""远期结售汇""]"
000301,东方盛虹,商品+外汇,石油石化,民企,8,2026-04-29,"[""LPG"", ""MEG"", ""PTA"", ""PX"", ""乙二醇"", ""乙二醇(MEG)"", ""其他"", ""利率互换"", ""原油"", ""合成橡胶"", ""场外衍生品"", ""外汇掉期"", ""外汇远期"", ""对二甲苯"", ""对二甲苯(PX)"", ""成品油"", ""期权"", ""期货"", ""液化石油气"", ""液化石油气(LPG)"", ""甲醇"", ""石脑油"", ""精对苯二甲酸"", ""精对苯二甲酸(PTA)"", ""纯苯"", ""美元"", ""苯乙烯"", ""货币互换"", ""远期结售汇""]"
000850,华茂股份,商品+外汇,纺织服饰,地方国企,4,2026-04-28,"[""利率互换"", ""场外衍生品"", ""外汇掉期"", ""外汇远期"", ""期权"", ""期货"", ""棉花"", ""货币互换"", ""远期结售汇"", ""铜""]"
600150,中国船舶,商品+外汇,国防军工,央企,4,2025-12-10,"[""其他"", ""利率互换"", ""外汇掉期"", ""外汇远期"", ""期权"", ""期货"", ""欧元"", ""美元"", ""螺纹钢"", ""远期结售汇"", ""钢材""]"
603177,德创环保,商品+外汇,环保,外资,4,2026-04-30,"[""不锈钢"", ""外汇远期"", ""期权"", ""期货"", ""热卷"", ""美元"", ""螺纹钢""]"
000555,神州信息,商品+外汇,计算机,其他,3,2025-10-31,"[""其他"", ""利率互换"", ""场外衍生品"", ""外汇掉期"", ""期权"", ""期货"", ""货币互换"", ""远期结售汇""]"
002641,公元股份,商品+外汇,建筑材料,民企,7,2026-04-24,"[""PE"", ""PP"", ""PVC"", ""其他"", ""利率互换"", ""场外衍生品"", ""外汇掉期"", ""外汇期权"", ""外汇远期"", ""期权"", ""期货"", ""欧元"", ""美元"", ""货币互换"", ""货币掉期"", ""远期结售汇""]"
002027,分众传媒,商品+外汇,传媒,外资,2,2025-05-22,"[""其他"", ""场外衍生品"", ""期权"", ""期货""]"
601088,中国神华,商品+外汇,煤炭,央企,2,2023-04-29,"[""动力煤"", ""外汇远期"", ""期货"", ""美元""]"
000721,西安饮食,商品+外汇,社会服务,地方国企,1,2025-11-29,"[""场外衍生品"", ""期权"", ""期货""]"
002133,广宇集团,商品+外汇,房地产,民企,6,2025-11-26,"[""尿素"", ""期权"", ""期货"", ""淀粉"", ""烧碱"", ""玉米"", ""玻璃"", ""纯碱"", ""美元"", ""聚氯乙烯"", ""菜粕"", ""豆粕"", ""远期结售汇""]"
001206,依依股份,商品+外汇,美容护理,民企,4,2026-01-09,"[""其他"", ""利率互换"", ""场外衍生品"", ""外汇掉期"", ""外汇期权"", ""期权"", ""期货"", ""美元"", ""货币互换"", ""远期结售汇""]"
600089,特变电工,商品+外汇,综合,民企,4,2025-12-13,"[""PVC"", ""利率互换"", ""场外衍生品"", ""塑料"", ""外汇掉期"", ""外汇远期"", ""多晶硅"", ""工业硅"", ""成品油"", ""期权"", ""期货"", ""欧元"", ""氧化铝"", ""玻璃"", ""碳酸锂"", ""美元"", ""货币互换"", ""远期结售汇"", ""钢材"", ""铅"", ""铜"", ""铝"", ""铝加工产品"", ""黄金""]"
300712,永福股份,商品+外汇,建筑装饰,民企,3,2026-04-28,"[""其他"", ""利率互换"", ""场外衍生品"", ""外汇掉期"", ""外汇期权"", ""外汇远期"", ""期权"", ""期货"", ""美元"", ""货币互换"", ""远期"", ""远期结售汇""]"
600690,海尔智家,商品+外汇,家用电器,集体,8,2026-03-28,"[""俄罗斯卢布"", ""其他"", ""利率互换"", ""印尼盾"", ""印度卢比"", ""场外衍生品"", ""塑料"", ""外汇掉期"", ""外汇远期"", ""掉期"", ""期权"", ""期货"", ""泰铢"", ""美元"", ""货币互换"", ""远期"", ""远期结售汇"", ""钢材"", ""铜"", ""铝""]"
600219,南山铝业,商品+外汇,有色金属,集体,7,2025-12-23,"[""利率互换"", ""动力煤"", ""场外衍生品"", ""外汇远期"", ""期权"", ""期货"", ""欧元"", ""美元"", ""货币互换"", ""远期"", ""远期结售汇"", ""铝""]"
600751,海航科技,商品+外汇,交通运输,其他,7,2025-09-30,"[""其他"", ""利率互换"", ""场外衍生品"", ""外汇掉期"", ""外汇远期"", ""期权"", ""期货"", ""美元"", ""货币互换"", ""运费"", ""远期结售汇""]"
002758,浙农股份,商品+外汇,基础化工,集体,4,2025-11-27,"[""外汇掉期"", ""外汇期权"", ""尿素"", ""期权"", ""期货"", ""硫磺"", ""碳酸锂"", ""纯碱"", ""美元"", ""远期结售汇""]"
002276,万马股份,商品+外汇,电力设备,地方国企,8,2026-04-23,"[""LLDPE"", ""PVC"", ""其他"", ""塑料"", ""外汇掉期"", ""外汇期权"", ""外汇远期"", ""期权"", ""期货"", ""欧元"", ""汇率"", ""美元"", ""货币"", ""货币互换"", ""远期结售汇"", ""铜"", ""铝""]"
300582,英飞特,商品+外汇,电子,外资,7,2026-04-25,"[""其他"", ""利率"", ""利率互换"", ""场外衍生品"", ""外汇掉期"", ""外汇远期"", ""期权"", ""期货"", ""汇率"", ""货币"", ""货币互换"", ""远期"", ""远期结售汇"", ""铜"", ""铝"", ""锡""]"
600739,辽宁成大,商品+外汇,医药生物,其他,6,2026-04-25,"[""其他"", ""动力煤"", ""场外衍生品"", ""外汇掉期"", ""外汇期权"", ""外汇远期"", ""大豆"", ""日元"", ""期权"", ""期货"", ""热轧卷板"", ""玉米"", ""线材"", ""美元"", ""花生"", ""菜籽油"", ""菜粕"", ""螺纹钢"", ""远期结售汇""]"
600019,宝钢股份,商品+外汇,钢铁,央企,4,2026-04-30,"[""人民币"", ""利率互换"", ""动力煤"", ""外汇掉期"", ""外汇远期"", ""日元"", ""期货"", ""欧元"", ""澳元"", ""热轧卷板"", ""焦炭"", ""焦煤"", ""燃料油"", ""硅铁"", ""美元"", ""铁矿石"", ""铜"", ""锌"", ""锡"", ""锰硅"", ""镍""]"
000505,京粮控股,商品+外汇,农林牧渔,地方国企,7,2026-04-14,"[""其他"", ""利率互换"", ""场外衍生品"", ""外汇掉期"", ""外汇远期"", ""大豆"", ""期权"", ""期货"", ""棕榈油"", ""欧元"", ""玉米"", ""美元"", ""花生"", ""菜油"", ""菜粕"", ""豆油"", ""豆粕"", ""货币互换""]"
605088,冠盛股份,商品+外汇,汽车,外资,7,2026-04-24,"[""其他"", ""场外衍生品"", ""外汇掉期"", ""外汇远期"", ""期权"", ""期货"", ""欧元"", ""热卷"", ""碳酸锂"", ""美元"", ""螺纹钢"", ""远期结售汇"", ""金属"", ""钢材""]"
